{"is_source_file": false, "format": "", "description": "", "external_files": [], "external_methods": [], "published": [], "classes": [], "methods": [], "calls": [], "search-terms": [], "state": 2, "file_id": 1, "knowledge_revision": 15, "git_revision": "1450bf1ac4ceca4613db2d1b393b8b7b64096d94", "hash": "f13ea205f0d173ebf8114898a570ad9b", "format-version": 4, "code-base-name": "shopping_app_frontend", "filename": "README.md", "revision_history": [{"15": "1450bf1ac4ceca4613db2d1b393b8b7b64096d94"}]}