{"is_source_file": true, "format": "JavaScript (React JSX)", "description": "This file defines a React functional component 'NavBar' which renders a navigation bar with links and buttons for a shopping application. It manages user authentication state, providing login/logout functionality, and conditionally displays navigation options based on user roles (admin or regular user).", "external_files": ["../utils/AuthContext", "@mui/material", "react-router-dom"], "external_methods": ["useAuth()", "logout()", "useNavigate()", "navigate()"], "published": ["NavBar"], "classes": [], "methods": [{"name": "handleLogout", "description": "Handles user logout by calling the logout function from auth context and navigating to the login page."}], "calls": ["logout()", "navigate()", "useAuth()", "Link"], "search-terms": ["NavBar", "react-router-dom", "useAuth", "@mui/material", "logout", "user.isAdmin", "AppBar", "Toolbar"], "state": 2, "file_id": 16, "knowledge_revision": 38, "git_revision": "", "ctags": [], "hash": null, "format-version": 4, "code-base-name": "shopping_app_frontend", "filename": "shopping_app_frontend/src/components/NavBar.js", "revision_history": [{"38": ""}]}