{"is_source_file": true, "format": "JavaScript", "description": "This file contains utility functions for interacting with the backend API endpoints related to products, cart, and orders in an e-commerce application. It uses axios for HTTP requests and sets up an API client with interceptors for authorization.", "external_files": ["axios"], "external_methods": ["axios.create", "axios.get", "axios.post", "axios.put", "axios.delete"], "published": ["fetchProducts", "fetchProduct", "fetchCart", "updateCart", "checkout", "fetchOrders", "fetchAllOrders", "adminFetchProducts", "createProduct", "updateProduct", "deleteProduct"], "classes": [], "methods": [{"name": "fetchProducts()", "description": "Fetches a list of all products from the API.", "scope": "", "scopeKind": ""}, {"name": "fetchProduct(id)", "description": "Fetches details of a single product by its ID.", "scope": "", "scopeKind": ""}, {"name": "fetchCart()", "description": "Retrieves the current user's shopping cart.", "scope": "", "scopeKind": ""}, {"name": "updateCart(cart)", "description": "Updates the user's shopping cart with new data.", "scope": "", "scopeKind": ""}, {"name": "checkout(cartInfo)", "description": "Performs checkout operation for the current cart.", "scope": "", "scopeKind": ""}, {"name": "fetchOrders()", "description": "Fetches order history for the current user.", "scope": "", "scopeKind": ""}, {"name": "fetchAllOrders()", "description": "Admin function to fetch all user orders.", "scope": "", "scopeKind": ""}, {"name": "adminFetchProducts()", "description": "Admin function to fetch all products with elevated access.", "scope": "", "scopeKind": ""}, {"name": "createProduct(data)", "description": "Creates a new product with provided data.", "scope": "", "scopeKind": ""}, {"name": "updateProduct(id, data)", "description": "Updates an existing product identified by ID.", "scope": "", "scopeKind": ""}, {"name": "deleteProduct(id)", "description": "Deletes a product identified by ID.", "scope": "", "scopeKind": ""}], "calls": ["axios.create", "api.get", "api.post", "api.put", "api.delete"], "search-terms": ["api.js", "axios interceptors", "e-commerce", "product API functions", "cart API functions", "order API functions"], "state": 2, "file_id": 15, "knowledge_revision": 37, "git_revision": "", "ctags": [{"_type": "tag", "name": "adminFetchProducts", "path": "/home/kavia/workspace/code-generation/shopease-318939-318950/shopping_app_frontend/src/utils/api.js", "pattern": "/^export async function adminFetchProducts() {$/", "language": "JavaScript", "kind": "function", "signature": "()"}, {"_type": "tag", "name": "api", "path": "/home/kavia/workspace/code-generation/shopease-318939-318950/shopping_app_frontend/src/utils/api.js", "pattern": "/^const api = axios.create({$/", "language": "JavaScript", "kind": "constant"}, {"_type": "tag", "name": "checkout", "path": "/home/kavia/workspace/code-generation/shopease-318939-318950/shopping_app_frontend/src/utils/api.js", "pattern": "/^export async function checkout(cartInfo) {$/", "language": "JavaScript", "kind": "function", "signature": "(cartInfo)"}, {"_type": "tag", "name": "createProduct", "path": "/home/kavia/workspace/code-generation/shopease-318939-318950/shopping_app_frontend/src/utils/api.js", "pattern": "/^export async function createProduct(data) {$/", "language": "JavaScript", "kind": "function", "signature": "(data)"}, {"_type": "tag", "name": "deleteProduct", "path": "/home/kavia/workspace/code-generation/shopease-318939-318950/shopping_app_frontend/src/utils/api.js", "pattern": "/^export async function deleteProduct(id) {$/", "language": "JavaScript", "kind": "function", "signature": "(id)"}, {"_type": "tag", "name": "fetchAllOrders", "path": "/home/kavia/workspace/code-generation/shopease-318939-318950/shopping_app_frontend/src/utils/api.js", "pattern": "/^export async function fetchAllOrders() {$/", "language": "JavaScript", "kind": "function", "signature": "()"}, {"_type": "tag", "name": "fetchCart", "path": "/home/kavia/workspace/code-generation/shopease-318939-318950/shopping_app_frontend/src/utils/api.js", "pattern": "/^export async function fetchCart() {$/", "language": "JavaScript", "kind": "function", "signature": "()"}, {"_type": "tag", "name": "fetchOrders", "path": "/home/kavia/workspace/code-generation/shopease-318939-318950/shopping_app_frontend/src/utils/api.js", "pattern": "/^export async function fetchOrders() {$/", "language": "JavaScript", "kind": "function", "signature": "()"}, {"_type": "tag", "name": "fetchProduct", "path": "/home/kavia/workspace/code-generation/shopease-318939-318950/shopping_app_frontend/src/utils/api.js", "pattern": "/^export async function fetchProduct(id) {$/", "language": "JavaScript", "kind": "function", "signature": "(id)"}, {"_type": "tag", "name": "fetchProducts", "path": "/home/kavia/workspace/code-generation/shopease-318939-318950/shopping_app_frontend/src/utils/api.js", "pattern": "/^export async function fetchProducts() {$/", "language": "JavaScript", "kind": "function", "signature": "()"}, {"_type": "tag", "name": "updateCart", "path": "/home/kavia/workspace/code-generation/shopease-318939-318950/shopping_app_frontend/src/utils/api.js", "pattern": "/^export async function updateCart(cart) {$/", "language": "JavaScript", "kind": "function", "signature": "(cart)"}, {"_type": "tag", "name": "updateProduct", "path": "/home/kavia/workspace/code-generation/shopease-318939-318950/shopping_app_frontend/src/utils/api.js", "pattern": "/^export async function updateProduct(id, data) {$/", "language": "JavaScript", "kind": "function", "signature": "(id, data)"}], "hash": "1ed21ff36ee5537bc36ae248e24d1303", "format-version": 4, "code-base-name": "shopping_app_frontend", "filename": "shopping_app_frontend/src/utils/api.js", "revision_history": [{"37": ""}]}