{"is_source_file": true, "format": "JavaScript", "description": "This file defines and exports a custom theme configuration for Material-UI, specifying palette colors, typography styles, and shape properties.", "external_files": ["@mui/material/styles"], "external_methods": ["createTheme"], "published": ["theme"], "classes": [], "methods": ["createTheme"], "calls": ["createTheme"], "search-terms": ["theme", "Material-UI", "custom theme", "palette", "typography"], "state": 2, "file_id": 13, "knowledge_revision": 31, "git_revision": "", "ctags": [{"_type": "tag", "name": "theme", "path": "/home/kavia/workspace/code-generation/shopease-318939-318950/shopping_app_frontend/src/theme.js", "pattern": "/^const theme = createTheme({$/", "language": "JavaScript", "kind": "constant"}], "hash": "1069bcec648fa8f3e26dbdba26bdfdab", "format-version": 4, "code-base-name": "shopping_app_frontend", "filename": "shopping_app_frontend/src/theme.js", "revision_history": [{"31": ""}]}