{"is_source_file": true, "format": "JavaScript (React)", "description": "This file defines the main application component for a React-based frontend, setting up routing and access control using react-router-dom and custom authentication context.", "external_files": ["./components/NavBar", "./pages/ProductList", "./pages/Cart", "./pages/Checkout", "./pages/OrderHistory", "./pages/admin/AdminDashboard", "./pages/admin/ManageProducts", "./pages/admin/AdminOrders", "./pages/Login", "./utils/AuthContext"], "external_methods": ["useAuth"], "published": ["App"], "classes": [], "methods": [{"name": "RequireAuth({ children, adminOnly = false })", "description": "A React component that checks user authentication and authorization. If the user is not authenticated or not authorized (admin only), it redirects them accordingly; otherwise, it renders child components.", "scope": "", "scopeKind": ""}, {"name": "App()", "scope": "", "scopeKind": "", "description": "unavailable"}], "calls": ["useAuth", "Navigate", "React.createElement"], "search-terms": ["React routing", "RequireAuth", "react-router-dom", "authentication", "admin routes", "App component", "conditional rendering"], "state": 2, "file_id": 10, "knowledge_revision": 29, "git_revision": "", "ctags": [{"_type": "tag", "name": "App", "path": "/home/kavia/workspace/code-generation/shopease-318939-318950/shopping_app_frontend/src/App.js", "pattern": "/^function App() {$/", "language": "JavaScript", "kind": "function", "signature": "()"}, {"_type": "tag", "name": "RequireAuth", "path": "/home/kavia/workspace/code-generation/shopease-318939-318950/shopping_app_frontend/src/App.js", "pattern": "/^function RequireAuth({ children, adminOnly = false }) {$/", "language": "JavaScript", "kind": "function", "signature": "({ children, adminOnly = false })"}, {"_type": "tag", "name": "true", "path": "/home/kavia/workspace/code-generation/shopease-318939-318950/shopping_app_frontend/src/App.js", "pattern": "/^          <RequireAuth adminOnly={true}>$/", "language": "JavaScript", "kind": "field", "scope": "App.AnonymousClass2b04985d0101", "scopeKind": "class"}, {"_type": "tag", "name": "true", "path": "/home/kavia/workspace/code-generation/shopease-318939-318950/shopping_app_frontend/src/App.js", "pattern": "/^          <RequireAuth adminOnly={true}>$/", "language": "JavaScript", "kind": "field", "scope": "App.AnonymousClass2b04985d0201", "scopeKind": "class"}, {"_type": "tag", "name": "true", "path": "/home/kavia/workspace/code-generation/shopease-318939-318950/shopping_app_frontend/src/App.js", "pattern": "/^          <RequireAuth adminOnly={true}>$/", "language": "JavaScript", "kind": "field", "scope": "App.AnonymousClass2b04985d0301", "scopeKind": "class"}], "hash": "84ea137ea7f5cc2e6950f095f73cbc37", "format-version": 4, "code-base-name": "shopping_app_frontend", "filename": "shopping_app_frontend/src/App.js", "fields": [{"name": "<RequireAuth adminOnly={true}>", "scope": "App.AnonymousClass2b04985d0101", "scopeKind": "class", "description": "unavailable"}], "revision_history": [{"29": ""}]}