{"is_source_file": true, "format": "JavaScript", "description": "Source file defining React context and hooks for authentication management in a frontend application, including a context provider, login/logout functions, and a custom hook for access.", "external_files": ["react", "axios"], "external_methods": ["React.createContext", "React.useState", "React.useContext", "React.useEffect", "axios.post"], "published": ["AuthProvider", "useAuth", "AuthContext"], "classes": [], "methods": [{"name": "AuthProvider({ children })", "description": "A React component that manages authentication state, initializes user from localStorage, provides login and logout functions, and supplies context to children components.", "scope": "", "scopeKind": ""}, {"name": "useAuth()", "description": "A custom hook that provides access to authentication context, including current user and auth methods.", "scope": "", "scopeKind": ""}, {"name": "login(username, password)", "description": "An asynchronous function that sends login credentials to the backend, updates user state, and stores user info in localStorage.", "scope": "AuthProvider", "scopeKind": "function"}, {"name": "logout()", "description": "Clears the user state and removes user info from localStorage.", "scope": "AuthProvider", "scopeKind": "function"}], "calls": ["axios.post", "localStorage.getItem", "localStorage.setItem", "localStorage.removeItem", "createContext", "useState", "useContext", "useEffect"], "search-terms": ["AuthContext", "useAuth", "login function", "AuthProvider", "localStorage user", "React context auth"], "state": 2, "file_id": 14, "knowledge_revision": 34, "git_revision": "", "ctags": [{"_type": "tag", "name": "AuthContext", "path": "/home/kavia/workspace/code-generation/shopease-318939-318950/shopping_app_frontend/src/utils/AuthContext.js", "pattern": "/^const AuthContext = createContext(null);$/", "language": "JavaScript", "kind": "constant"}, {"_type": "tag", "name": "AuthProvider", "path": "/home/kavia/workspace/code-generation/shopease-318939-318950/shopping_app_frontend/src/utils/AuthContext.js", "pattern": "/^export function AuthProvider({ children }) {$/", "language": "JavaScript", "kind": "function", "signature": "({ children })"}, {"_type": "tag", "name": "login", "path": "/home/kavia/workspace/code-generation/shopease-318939-318950/shopping_app_frontend/src/utils/AuthContext.js", "pattern": "/^  async function login(username, password) {$/", "language": "JavaScript", "kind": "function", "signature": "(username, password)", "scope": "AuthProvider", "scopeKind": "function"}, {"_type": "tag", "name": "logout", "path": "/home/kavia/workspace/code-generation/shopease-318939-318950/shopping_app_frontend/src/utils/AuthContext.js", "pattern": "/^  function logout() {$/", "language": "JavaScript", "kind": "function", "signature": "()", "scope": "AuthProvider", "scopeKind": "function"}, {"_type": "tag", "name": "useAuth", "path": "/home/kavia/workspace/code-generation/shopease-318939-318950/shopping_app_frontend/src/utils/AuthContext.js", "pattern": "/^export function useAuth() {$/", "language": "JavaScript", "kind": "function", "signature": "()"}], "hash": "564c80b8cda0f4f97f9fa88d5cb0b8f0", "format-version": 4, "code-base-name": "shopping_app_frontend", "filename": "shopping_app_frontend/src/utils/AuthContext.js", "revision_history": [{"34": ""}]}