{"is_source_file": true, "format": "JavaScript", "description": "Entry point of a React-based web application, setting up rendering with theme, routing, and context providers.", "external_files": ["./App", "./theme", "./utils/AuthContext", "react", "react-dom/client", "react-router-dom", "@mui/material"], "external_methods": ["React.createRoot", "React.StrictMode", "ReactDOM.createRoot"], "published": [], "classes": [], "methods": [{"name": "root.render", "description": "Renders the React component tree into the DOM element with id 'root'."}], "calls": ["ReactDOM.createRoot", "root.render", "React.StrictMode", "ThemeProvider", "CssBaseline", "AuthProvider", "BrowserRouter", "App"], "search-terms": ["ReactDOM", "Index", "Frontend", "React", "ThemeProvider", "AuthContext", "Routing"], "state": 2, "file_id": 5, "knowledge_revision": 27, "git_revision": "", "revision_history": [{"25": ""}, {"27": ""}], "ctags": [{"_type": "tag", "name": "root", "path": "/home/kavia/workspace/code-generation/shopease-318939-318950/shopping_app_frontend/src/index.js", "pattern": "/^const root = ReactDOM.createRoot(document.getElementById(\"root\"));$/", "language": "JavaScript", "kind": "constant"}], "hash": "6566ec223d5825c978761214fa38eda8", "format-version": 4, "code-base-name": "shopping_app_frontend", "filename": "shopping_app_frontend/src/index.js"}